Weather Score,Corona score (%),Cost,# Hike Spots,# Surf Spots,# Spots,CO2 Emissions,Travel Time (h)
6.142857142857143,85.76817209962682,0.3807142857142857,5.0,3.0,8.0,473.0,1766.0
6.071428571428571,61.24821436025729,0.16999999999999998,7.0,3.0,10.0,519.0,1966.0
5.785714285714286,60.8032879408865,0.1692857142857143,7.0,5.0,12.0,549.0,2253.0
6.214285714285714,76.24957177696419,0.2614285714285715,2.0,7.0,9.0,609.0,2761.0
6.0,89.97398868646808,0.3385714285714286,3.0,5.0,8.0,625.0,2384.0
